title,authors,journal,year,doi,pmid,source_query
"On the Larval Sensory Organs and Central Nervous System of the Zoea 1 of the Asian Shore Crab Hemigrapsus sanguineus (Decapoda, Brachyura).","Harzsch S, Blatt J, Seegel-Schultz J, Riehemann L, Espinosa-Novo N, Geißel JP, Gauweiler J, Casadei-Ferreira A, Büsse S, Rillich B, Stein W, Torres G, Melzer R.",,2026,10.1002/cne.70201,42786560,"(neuropeptide OR neuropeptidome OR peptidome OR ""peptide hormone"" OR allatostatin OR RFamide OR orcokinin OR ""crustacean cardioactive peptide"" OR ""crustacean hyperglycemic hormone"") AND (crustacean OR decapod OR crab OR lobster OR crayfish OR shrimp OR Crustacea) AND (FIRST_PDATE:[2025-01-01 TO 3000-12-31])"
"Integrated haemological, histological, and transcriptomic analysis of immune responses in Atlantic rock crab (Cancer irroratus) following Vibrio splendidus challenge.","Ghiasvand Z, Rampaul M, Clark KF.",,2026,10.1016/j.fsi.2026.111725,42754064,"(neuropeptide OR neuropeptidome OR peptidome OR ""peptide hormone"" OR allatostatin OR RFamide OR orcokinin OR ""crustacean cardioactive peptide"" OR ""crustacean hyperglycemic hormone"") AND (crustacean OR decapod OR crab OR lobster OR crayfish OR shrimp OR Crustacea) AND (FIRST_PDATE:[2025-01-01 TO 3000-12-31])"
Comparative Neuroanatomy of Hydrothermal Vent Shrimps: Ecological Differentiation Among Four Alvinocaridid Species.,"Mathou A, Machon J, Meth R, Zbinden M, Ravaux J, Harzsch S.",,2026,10.1002/cne.70190,42522123,"(neuropeptide OR neuropeptidome OR peptidome OR ""peptide hormone"" OR allatostatin OR RFamide OR orcokinin OR ""crustacean cardioactive peptide"" OR ""crustacean hyperglycemic hormone"") AND (crustacean OR decapod OR crab OR lobster OR crayfish OR shrimp OR Crustacea) AND (FIRST_PDATE:[2025-01-01 TO 3000-12-31])"
Pathogen-associated odor experience induces inherited olfactory avoidance in a parasitoid wasp,"Shiyao L, Jin G, Jianghua S.",,2026,10.64898/2026.09.11.751080,,"(neuropeptide OR neuropeptidome OR peptidome OR ""peptide hormone"" OR allatostatin OR RFamide OR orcokinin OR ""crustacean cardioactive peptide"" OR ""crustacean hyperglycemic hormone"") AND (crustacean OR decapod OR crab OR lobster OR crayfish OR shrimp OR Crustacea) AND (FIRST_PDATE:[2025-01-01 TO 3000-12-31])"
"Neuropeptide F alters expression of feeding, energy metabolism, and reproduction genes in female freshwater prawn, Macrobrachium rosenbergii.","Vetkama W, Boštjančić LL, Tinikul R, Sobhon P, Theissinger K, Tinikul Y.",,2026,10.1038/s41598-026-69755-1,42711368,"(neuropeptide OR neuropeptidome OR peptidome OR ""peptide hormone"" OR allatostatin OR RFamide OR orcokinin OR ""crustacean cardioactive peptide"" OR ""crustacean hyperglycemic hormone"") AND (crustacean OR decapod OR crab OR lobster OR crayfish OR shrimp OR Crustacea) AND (FIRST_PDATE:[2025-01-01 TO 3000-12-31])"
"The Timeless (&lt;i&gt;Tim&lt;/i&gt;) &lt;i&gt;Gene&lt;/i&gt; Participates in Circadian Rhythm Regulation of the Ridgetail White Prawn, &lt;i&gt;Exopalaemon carinicauda&lt;/i&gt;.","Tian C, Zhu J, Chen X, Ma W, Niu P, Bian P, Gao H, Li Y.",,2026,10.3390/ani16182834,42791691,"(neuropeptide OR neuropeptidome OR peptidome OR ""peptide hormone"" OR allatostatin OR RFamide OR orcokinin OR ""crustacean cardioactive peptide"" OR ""crustacean hyperglycemic hormone"") AND (crustacean OR decapod OR crab OR lobster OR crayfish OR shrimp OR Crustacea) AND (FIRST_PDATE:[2025-01-01 TO 3000-12-31])"
Approach for Hemolymph Collection and Biochemical Profiling of Invasive Callinectes sapidus: Methodology and Physiological Assessment,,,2026,,,"(neuropeptide OR neuropeptidome OR peptidome OR ""peptide hormone"" OR allatostatin OR RFamide OR orcokinin OR ""crustacean cardioactive peptide"" OR ""crustacean hyperglycemic hormone"") AND (crustacean OR decapod OR crab OR lobster OR crayfish OR shrimp OR Crustacea) AND (FIRST_PDATE:[2025-01-01 TO 3000-12-31])"
"Influence of salinity on growth, nutrient utilization, and gene expression of giant freshwater prawn (Macrobrachium rosenbergii).","Shanila FA, Sharker MR, Islam MR, Jørgensen NOG, Ali ML.",,2026,10.1371/journal.pone.0353240,42490698,"(neuropeptide OR neuropeptidome OR peptidome OR ""peptide hormone"" OR allatostatin OR RFamide OR orcokinin OR ""crustacean cardioactive peptide"" OR ""crustacean hyperglycemic hormone"") AND (crustacean OR decapod OR crab OR lobster OR crayfish OR shrimp OR Crustacea) AND (FIRST_PDATE:[2025-01-01 TO 3000-12-31])"
A primary hepatopancreatic cell platform enables cellular dissection of glucose metabolism and endocrine-metabolic regulation in &lt;i&gt;Litopenaeus vannamei&lt;/i&gt;.,"Song X, Liu Z, Liu J, Liu S, Song L, Duan H, Gao Y.",,2026,10.3389/fendo.2026.1901016,42698467,"(neuropeptide OR neuropeptidome OR peptidome OR ""peptide hormone"" OR allatostatin OR RFamide OR orcokinin OR ""crustacean cardioactive peptide"" OR ""crustacean hyperglycemic hormone"") AND (crustacean OR decapod OR crab OR lobster OR crayfish OR shrimp OR Crustacea) AND (FIRST_PDATE:[2025-01-01 TO 3000-12-31])"
Evolutionary dynamics of the arthropod molting machinery.,"Campli G, Joye S, Volovych O, Novikova AV, Chipman AD, Robinson-Rechavi M, Waterhouse RM.",,2026,10.1093/molbev/msag181,42504960,"(neuropeptide OR neuropeptidome OR peptidome OR ""peptide hormone"" OR allatostatin OR RFamide OR orcokinin OR ""crustacean cardioactive peptide"" OR ""crustacean hyperglycemic hormone"") AND (crustacean OR decapod OR crab OR lobster OR crayfish OR shrimp OR Crustacea) AND (FIRST_PDATE:[2025-01-01 TO 3000-12-31])"
"Physiological, Transcriptomic, and Metabolomic Insights into Ammonia-Nitrogen Stress in the Hepatopancreas of &lt;i&gt;Litopenaeus vannamei&lt;/i&gt; Acclimated to Low Salinity.","Zhao Y, Ding Y, Hu X, Yang Q, Jiang Z, Cao Y.",,2026,10.3390/biology15161394,42651698,"(neuropeptide OR neuropeptidome OR peptidome OR ""peptide hormone"" OR allatostatin OR RFamide OR orcokinin OR ""crustacean cardioactive peptide"" OR ""crustacean hyperglycemic hormone"") AND (crustacean OR decapod OR crab OR lobster OR crayfish OR shrimp OR Crustacea) AND (FIRST_PDATE:[2025-01-01 TO 3000-12-31])"
Expression and RNAi characterization of neuropeptides underlying developmental regulation in the Colorado potato beetle.,"Terris EE, Verkoulen SM, Groves RL, Moen S, Schoville SD, Weissner M, Toprak U.",,2026,10.3389/finsc.2026.1862257,42609294,"(neuropeptide OR neuropeptidome OR peptidome OR ""peptide hormone"" OR allatostatin OR RFamide OR orcokinin OR ""crustacean cardioactive peptide"" OR ""crustacean hyperglycemic hormone"") AND (crustacean OR decapod OR crab OR lobster OR crayfish OR shrimp OR Crustacea) AND (FIRST_PDATE:[2025-01-01 TO 3000-12-31])"
From neuropeptides to toxins: illuminating the origins of venom complexity in cone snails.,"Koch TL, Ferrari G, Sumanam SB, Salcedo PF, Watkins M, Chase K, Tooming-Klunderud A, Lluisma AO, Yanagihara A, Young ND, Olivera BM, Undheim EAB, Safavi-Hemami H.",,2026,10.1093/molbev/msag206,42600100,"(neuropeptide OR neuropeptidome OR peptidome OR ""peptide hormone"" OR allatostatin OR RFamide OR orcokinin OR ""crustacean cardioactive peptide"" OR ""crustacean hyperglycemic hormone"") AND (crustacean OR decapod OR crab OR lobster OR crayfish OR shrimp OR Crustacea) AND (FIRST_PDATE:[2025-01-01 TO 3000-12-31])"
Novel dsRNA designs increase the stability and bioefficacy of RNAi-based pesticides for &lt;i&gt;Varroa destructor&lt;/i&gt;.,"Muita BK, Damayo JE, Remnant EJ, Smith NA, Greaves IK, Ghodke AB, Kumaran N, Roberts JMK.",,2026,10.3389/finsc.2026.1868457,42677012,"(neuropeptide OR neuropeptidome OR peptidome OR ""peptide hormone"" OR allatostatin OR RFamide OR orcokinin OR ""crustacean cardioactive peptide"" OR ""crustacean hyperglycemic hormone"") AND (crustacean OR decapod OR crab OR lobster OR crayfish OR shrimp OR Crustacea) AND (FIRST_PDATE:[2025-01-01 TO 3000-12-31])"
Molting in Pancrustacea Is Characterized by Both Deeply Conserved and Recently Evolved Gene Modules.,"Kim K, Campli G, Joye S, Chipman AD, Waterhouse RM, Robinson-Rechavi M.",,2026,10.1093/gbe/evag212,42634900,"(neuropeptide OR neuropeptidome OR peptidome OR ""peptide hormone"" OR allatostatin OR RFamide OR orcokinin OR ""crustacean cardioactive peptide"" OR ""crustacean hyperglycemic hormone"") AND (crustacean OR decapod OR crab OR lobster OR crayfish OR shrimp OR Crustacea) AND (FIRST_PDATE:[2025-01-01 TO 3000-12-31])"
Decoding of amidated aromatic C-terminus and sulfation by cholecystokinin receptors reveals conserved and divergent evolutionary mechanisms.,"Chang JH, Wu SQ, Ding XY, Pan X, Wang HY, He YX, Xi L, Mei YS, Liu CY, Liu CP, Mao RT, Li F, Zhang YL, Li JY, Zhang G, Jing J.",,2026,10.1016/j.jbc.2026.113327,42442500,"(neuropeptide OR neuropeptidome OR peptidome OR ""peptide hormone"" OR allatostatin OR RFamide OR orcokinin OR ""crustacean cardioactive peptide"" OR ""crustacean hyperglycemic hormone"") AND (crustacean OR decapod OR crab OR lobster OR crayfish OR shrimp OR Crustacea) AND (FIRST_PDATE:[2025-01-01 TO 3000-12-31])"
Matrix-Assisted Laser Desorption/Ionization Imaging Mass Spectrometry.,"Spraggins JM, Hummon A, Ellis SR, Li L, Prentice BM, Marchetti-Deschmann M, Van de Plas R, Caprioli RM.",,2026,10.1038/s43586-026-00492-5,42808065,"(neuropeptide OR neuropeptidome OR peptidome OR ""peptide hormone"" OR allatostatin OR RFamide OR orcokinin OR ""crustacean cardioactive peptide"" OR ""crustacean hyperglycemic hormone"") AND (crustacean OR decapod OR crab OR lobster OR crayfish OR shrimp OR Crustacea) AND (FIRST_PDATE:[2025-01-01 TO 3000-12-31])"
Beneath the Surface: Aquatic Models Illuminate Host-Microbe Interactions.,"Lorbacher KB, Le T, Milton ME, Mruk K.",,2026,10.3390/biology15181603,42792549,"(neuropeptide OR neuropeptidome OR peptidome OR ""peptide hormone"" OR allatostatin OR RFamide OR orcokinin OR ""crustacean cardioactive peptide"" OR ""crustacean hyperglycemic hormone"") AND (crustacean OR decapod OR crab OR lobster OR crayfish OR shrimp OR Crustacea) AND (FIRST_PDATE:[2025-01-01 TO 3000-12-31])"
Evolutionary conservation and adaptability of cholecystokinin neuropeptide signaling in the sea cucumber Apostichopus japonicus.,"Liu H, Yang H, Tian X, Elphick MR, Chen M.",,2026,10.1186/s12915-026-02660-1,42316236,"(neuropeptide OR neuropeptidome OR peptidome OR ""peptide hormone"" OR allatostatin OR RFamide OR orcokinin OR ""crustacean cardioactive peptide"" OR ""crustacean hyperglycemic hormone"") AND (crustacean OR decapod OR crab OR lobster OR crayfish OR shrimp OR Crustacea) AND (FIRST_PDATE:[2025-01-01 TO 3000-12-31])"
Functional additives in fishmeal-replaced aquafeeds: precision strategies for sustainable aquaculture.,"Jiang W, Wu P, Zhang H, Ma Y, Liu Y, Zhou X, Feng L.",,2026,10.1186/s40104-026-01463-2,42444008,"(neuropeptide OR neuropeptidome OR peptidome OR ""peptide hormone"" OR allatostatin OR RFamide OR orcokinin OR ""crustacean cardioactive peptide"" OR ""crustacean hyperglycemic hormone"") AND (crustacean OR decapod OR crab OR lobster OR crayfish OR shrimp OR Crustacea) AND (FIRST_PDATE:[2025-01-01 TO 3000-12-31])"
Cnidarian Venoms in the Omics Era: Toxin Discovery and Bioactive Potential.,"Barroso RA, Antunes A.",,2026,10.3390/md24090306,42783899,"(neuropeptide OR neuropeptidome OR peptidome OR ""peptide hormone"" OR allatostatin OR RFamide OR orcokinin OR ""crustacean cardioactive peptide"" OR ""crustacean hyperglycemic hormone"") AND (crustacean OR decapod OR crab OR lobster OR crayfish OR shrimp OR Crustacea) AND (FIRST_PDATE:[2025-01-01 TO 3000-12-31])"
Functional amyloids as molecular switches: emerging roles in diverse signalling pathways.,"Buchanan JA, Williams BC, Steain M, Sunde M.",,2026,10.1042/bst20250193,42638611,"(neuropeptide OR neuropeptidome OR peptidome OR ""peptide hormone"" OR allatostatin OR RFamide OR orcokinin OR ""crustacean cardioactive peptide"" OR ""crustacean hyperglycemic hormone"") AND (crustacean OR decapod OR crab OR lobster OR crayfish OR shrimp OR Crustacea) AND (FIRST_PDATE:[2025-01-01 TO 3000-12-31])"
What Dale never said: multiple incarnations of Dale's law from the birth of pharmacology to modeling brain circuits.,"Gutierrez GJ, Baas-Thomas N, Marder E.",,2026,10.1152/jn.00196.2026,42490205,"(neuropeptide OR neuropeptidome OR peptidome OR ""peptide hormone"" OR allatostatin OR RFamide OR orcokinin OR ""crustacean cardioactive peptide"" OR ""crustacean hyperglycemic hormone"") AND (crustacean OR decapod OR crab OR lobster OR crayfish OR shrimp OR Crustacea) AND (FIRST_PDATE:[2025-01-01 TO 3000-12-31])"
G protein-coupled receptor SmGPCR9 interacts with neuropeptides and controls spermatogenesis in Schistosoma mansoni.,"Geetha S, Haeberlein S, Hahnel S, Li X, Sprague DJ, Peterson YK, Shabir S, Falcone FH, Buenemann M, Grevelding CG.",,2026,10.1371/journal.ppat.1014096,42412887,"(neuropeptide OR neuropeptidome OR peptidome OR ""peptide hormone"" OR allatostatin OR RFamide OR orcokinin OR ""crustacean cardioactive peptide"" OR ""crustacean hyperglycemic hormone"") AND (crustacean OR decapod OR crab OR lobster OR crayfish OR shrimp OR Crustacea) AND (FIRST_PDATE:[2025-01-01 TO 3000-12-31])"
"Chemical multiplexing in the nervous system: molecular architecture, functional stratification, and pathophysiological plasticity of neuropeptide-classical neurotransmitter cotransmission.","Merighi A, Sbriz M, Lossi L.",,2026,10.3389/fnmol.2026.1839947,42440641,"(neuropeptide OR neuropeptidome OR peptidome OR ""peptide hormone"" OR allatostatin OR RFamide OR orcokinin OR ""crustacean cardioactive peptide"" OR ""crustacean hyperglycemic hormone"") AND (crustacean OR decapod OR crab OR lobster OR crayfish OR shrimp OR Crustacea) AND (FIRST_PDATE:[2025-01-01 TO 3000-12-31])"
Vibrio cholerae-synthesized tryptophan activates innate immune signaling in enteroendocrine cells via phosphorylation of the nuclear receptor ultraspiracle.,"Ding X, Watnick PI.",,2026,10.1038/s41467-026-76080-8,42680719,"(neuropeptide OR neuropeptidome OR peptidome OR ""peptide hormone"" OR allatostatin OR RFamide OR orcokinin OR ""crustacean cardioactive peptide"" OR ""crustacean hyperglycemic hormone"") AND (crustacean OR decapod OR crab OR lobster OR crayfish OR shrimp OR Crustacea) AND (FIRST_PDATE:[2025-01-01 TO 3000-12-31])"
Morphological Characterization of Abdominal Neuromuscular System of Aedes aegypti Larvae.,"Lam SS, Jo S, Keefe L, Li X, Lin JW.",,2026,10.1002/cne.70183,42460739,"(neuropeptide OR neuropeptidome OR peptidome OR ""peptide hormone"" OR allatostatin OR RFamide OR orcokinin OR ""crustacean cardioactive peptide"" OR ""crustacean hyperglycemic hormone"") AND (crustacean OR decapod OR crab OR lobster OR crayfish OR shrimp OR Crustacea) AND (FIRST_PDATE:[2025-01-01 TO 3000-12-31])"
Climate Change and Food Allergy: Adaptations and Risks at the Intersection of Environment and Health.,"Li H, Wang Y, Zhu R, Sheng H, Zhang S, Chen H, Fu L.",,2026,10.1111/1541-4337.70628,42708352,"(neuropeptide OR neuropeptidome OR peptidome OR ""peptide hormone"" OR allatostatin OR RFamide OR orcokinin OR ""crustacean cardioactive peptide"" OR ""crustacean hyperglycemic hormone"") AND (crustacean OR decapod OR crab OR lobster OR crayfish OR shrimp OR Crustacea) AND (FIRST_PDATE:[2025-01-01 TO 3000-12-31])"
TRPA1 Channels as Multimodal Environmental Sensors: Structure-Function Insights From Aquatic Organisms.,"He D, Li S, Zhang M, Zhan A.",,2026,10.1096/fj.202602925r,42622609,"(neuropeptide OR neuropeptidome OR peptidome OR ""peptide hormone"" OR allatostatin OR RFamide OR orcokinin OR ""crustacean cardioactive peptide"" OR ""crustacean hyperglycemic hormone"") AND (crustacean OR decapod OR crab OR lobster OR crayfish OR shrimp OR Crustacea) AND (FIRST_PDATE:[2025-01-01 TO 3000-12-31])"
Chitosan in Modern Pharmacotherapy: Chitosan Nanoparticles and Delivery Systems.,"Kuršvietienė L, Lažauskas R, Stanevičienė I.",,2026,10.3390/pharmaceutics18091118,42797293,"(neuropeptide OR neuropeptidome OR peptidome OR ""peptide hormone"" OR allatostatin OR RFamide OR orcokinin OR ""crustacean cardioactive peptide"" OR ""crustacean hyperglycemic hormone"") AND (crustacean OR decapod OR crab OR lobster OR crayfish OR shrimp OR Crustacea) AND (FIRST_PDATE:[2025-01-01 TO 3000-12-31])"
"Exploring the immune-modulatory role of melatonin in head kidney and spleen cells of freshwater snakehead teleost, Channa punctatus.","Khan SF, Shree S, Tripathi MK.",,2026,10.1111/jfb.70476,42063281,"(neuropeptide OR neuropeptidome OR peptidome OR ""peptide hormone"" OR allatostatin OR RFamide OR orcokinin OR ""crustacean cardioactive peptide"" OR ""crustacean hyperglycemic hormone"") AND (crustacean OR decapod OR crab OR lobster OR crayfish OR shrimp OR Crustacea) AND (FIRST_PDATE:[2025-01-01 TO 3000-12-31])"
"Chlorella vulgaris and Dunaliella salina-enriched Artemia salina enhances growth, pigmentation, gut morphology and immune-related pathways in goldfish (Carassius auratus).","Elshafey AE, Wen B, Gao JZ, Huang JN, Can X, Khalafalla MM, Zaid AAA, Abdel-Rahim MM, Shukry M, Albokhadaim I, Alhojaily S, Shousha S, Alameen AO, Almofti YA, Al-Trad B, Kandeel M, Hegazy Y, Chen ZZ.",,2026,10.1038/s41598-026-46798-y,42168296,"(neuropeptide OR neuropeptidome OR peptidome OR ""peptide hormone"" OR allatostatin OR RFamide OR orcokinin OR ""crustacean cardioactive peptide"" OR ""crustacean hyperglycemic hormone"") AND (crustacean OR decapod OR crab OR lobster OR crayfish OR shrimp OR Crustacea) AND (FIRST_PDATE:[2025-01-01 TO 3000-12-31])"
Single-nuclei RNA sequencing reveals heterogeneity within developing GnRH3 neurons in zebrafish.,"Sun Y, Golan M, Zohar Y, Fan X, Zmora N.",,2026,10.1111/jne.70230,42415515,"(neuropeptide OR neuropeptidome OR peptidome OR ""peptide hormone"" OR allatostatin OR RFamide OR orcokinin OR ""crustacean cardioactive peptide"" OR ""crustacean hyperglycemic hormone"") AND (crustacean OR decapod OR crab OR lobster OR crayfish OR shrimp OR Crustacea) AND (FIRST_PDATE:[2025-01-01 TO 3000-12-31])"
"Effects of Dietary Nucleotides on Growth Performance, Antioxidant Capacity, Intestinal Morphology and Gut Microbiota of Swamp Eel (&lt;i&gt;Monopterus albus&lt;/i&gt;).","Han Y, Yuan Z, Liu B, Liu T, Zhang Q, Zhang Z, Zhang F, Yuan H.",,2026,10.3390/ani16131936,42450643,"(neuropeptide OR neuropeptidome OR peptidome OR ""peptide hormone"" OR allatostatin OR RFamide OR orcokinin OR ""crustacean cardioactive peptide"" OR ""crustacean hyperglycemic hormone"") AND (crustacean OR decapod OR crab OR lobster OR crayfish OR shrimp OR Crustacea) AND (FIRST_PDATE:[2025-01-01 TO 3000-12-31])"
The oxytocinergic system in functional neurological disorder: Preliminary testing of associations with interoception and childhood trauma.,"Stoffel N, Ansede-Bermejo J, Concetti C, Carracedo Á, Aybek S.",,2026,10.1016/j.cpnec.2026.100376,42621223,"(neuropeptide OR neuropeptidome OR peptidome OR ""peptide hormone"" OR allatostatin OR RFamide OR orcokinin OR ""crustacean cardioactive peptide"" OR ""crustacean hyperglycemic hormone"") AND (crustacean OR decapod OR crab OR lobster OR crayfish OR shrimp OR Crustacea) AND (FIRST_PDATE:[2025-01-01 TO 3000-12-31])"
Simulated Gastrointestinal Digestion of Tilapia (&lt;i&gt;Oreochromis&lt;/i&gt;&lt;i&gt;niloticus&lt;/i&gt;) Scale Hydrolysates Enhances ACE-Inhibitory Activity and Reveals Antioxidant Effects in STC-1 Cells.,"Sisa A, Mosquera M, Martín-Brieva P, Moreno-Ortega P, Álvarez OM.",,2026,10.3390/foods15142422,42511169,"(neuropeptide OR neuropeptidome OR peptidome OR ""peptide hormone"" OR allatostatin OR RFamide OR orcokinin OR ""crustacean cardioactive peptide"" OR ""crustacean hyperglycemic hormone"") AND (crustacean OR decapod OR crab OR lobster OR crayfish OR shrimp OR Crustacea) AND (FIRST_PDATE:[2025-01-01 TO 3000-12-31])"
Molecular evidence for early deuterostome origins of ovarian cell types and neuroendocrine control of reproduction.,"Paganos P, Naigles B, Wolff C, Voronov D, Swartz SZ.",,2026,10.1038/s41467-026-74401-5,42288494,"(neuropeptide OR neuropeptidome OR peptidome OR ""peptide hormone"" OR allatostatin OR RFamide OR orcokinin OR ""crustacean cardioactive peptide"" OR ""crustacean hyperglycemic hormone"") AND (crustacean OR decapod OR crab OR lobster OR crayfish OR shrimp OR Crustacea) AND (FIRST_PDATE:[2025-01-01 TO 3000-12-31])"
"MIND diet, cerebrovascular health, and cognition among community-dwelling older adults.","Agarwal P, Lamar M, Kapasi A, Wagner M, Evia A, Aggarwal NT, Cherian LJ, Bennett DA, Barnes LL, Leurgans SE, Schneider JA, Arfanakis K.",,2026,10.1002/alz.71772,42625492,"(neuropeptide OR neuropeptidome OR peptidome OR ""peptide hormone"" OR allatostatin OR RFamide OR orcokinin OR ""crustacean cardioactive peptide"" OR ""crustacean hyperglycemic hormone"") AND (crustacean OR decapod OR crab OR lobster OR crayfish OR shrimp OR Crustacea) AND (FIRST_PDATE:[2025-01-01 TO 3000-12-31])"
Marine Algae and Neuroprotection: Unlocking the Therapeutic Potential Against Neurodegenerative Diseases.,"Devi R, Temgire P, Kumar P.",,2026,10.1002/ptr.70349,42220176,"(neuropeptide OR neuropeptidome OR peptidome OR ""peptide hormone"" OR allatostatin OR RFamide OR orcokinin OR ""crustacean cardioactive peptide"" OR ""crustacean hyperglycemic hormone"") AND (crustacean OR decapod OR crab OR lobster OR crayfish OR shrimp OR Crustacea) AND (FIRST_PDATE:[2025-01-01 TO 3000-12-31])"
Phase-Resolved Pupal Ecdysis Behavior and Requirement of Ecdysis-Triggering Hormone in Henosepilachna vigintioctomaculata.,"Wu YK, Liao LL, Wang ZY, Peng J, Jin L, Li GQ.",,2026,10.1002/arch.70195,42461816,"(neuropeptide OR neuropeptidome OR peptidome OR ""peptide hormone"" OR allatostatin OR RFamide OR orcokinin OR ""crustacean cardioactive peptide"" OR ""crustacean hyperglycemic hormone"") AND (crustacean OR decapod OR crab OR lobster OR crayfish OR shrimp OR Crustacea) AND (FIRST_PDATE:[2025-01-01 TO 3000-12-31])"
Satiety responsiveness following dietary exposure to ultra-processed foods differing in texture-derived eating rate: a secondary analysis of a randomized controlled crossover diet intervention.,"van Bruinessen M, Liu Z, Heuven LAJ, Stieger M, Lasschuijt MP, Forde CG.",,2026,10.1007/s00394-026-04111-7,42782361,"(neuropeptide OR neuropeptidome OR peptidome OR ""peptide hormone"" OR allatostatin OR RFamide OR orcokinin OR ""crustacean cardioactive peptide"" OR ""crustacean hyperglycemic hormone"") AND (crustacean OR decapod OR crab OR lobster OR crayfish OR shrimp OR Crustacea) AND (FIRST_PDATE:[2025-01-01 TO 3000-12-31])"
Adipocyte Ferroptosis in Obesity: Molecular Mechanisms and Nutraceutical Perspectives.,"Ruga S, Matarese E, Mangano AMP, Lamesta C, Dimatteo T, Miscio L, Martinelli C, Lauriola M, Lombardi R, Giordano A, Liguori G.",,2026,10.3390/ijms27188357,42794784,"(neuropeptide OR neuropeptidome OR peptidome OR ""peptide hormone"" OR allatostatin OR RFamide OR orcokinin OR ""crustacean cardioactive peptide"" OR ""crustacean hyperglycemic hormone"") AND (crustacean OR decapod OR crab OR lobster OR crayfish OR shrimp OR Crustacea) AND (FIRST_PDATE:[2025-01-01 TO 3000-12-31])"
Threonine sulfation: a rare post translational modification in insect adipokinetic hormones.,"Gäde G, König S, Kulkarni SS, Payne RJ, Marco HG.",,2026,10.1038/s41598-026-50205-x,42141068,"(neuropeptide OR neuropeptidome OR peptidome OR ""peptide hormone"" OR allatostatin OR RFamide OR orcokinin OR ""crustacean cardioactive peptide"" OR ""crustacean hyperglycemic hormone"") AND (crustacean OR decapod OR crab OR lobster OR crayfish OR shrimp OR Crustacea) AND (FIRST_PDATE:[2025-01-01 TO 3000-12-31])"
The Effects of Dietary Fiber and High-Dietary-Fiber Diets on Body Weight Regulation and Lipid Metabolism in Athletes: A Narrative Review.,"Fang F, Hou T, Chen Y, Hu M, Gu B, Li Z, Wang Z, Mao YH.",,2026,10.3390/nu18172832,42739004,"(neuropeptide OR neuropeptidome OR peptidome OR ""peptide hormone"" OR allatostatin OR RFamide OR orcokinin OR ""crustacean cardioactive peptide"" OR ""crustacean hyperglycemic hormone"") AND (crustacean OR decapod OR crab OR lobster OR crayfish OR shrimp OR Crustacea) AND (FIRST_PDATE:[2025-01-01 TO 3000-12-31])"
Sucrose-free low-fat diet induces metabolic dysfunction through gut dysbiosis and colonic inflammation in mice.,"Almansour N, Kochumon S, Al-Rashed F, Malik MZ, Benobaid N, Shenouda S, Thomas R, Arefanian H, Nizam R, Jacob T, Al Madhoun A, Tuomilehto J, Al-Mulla F, Ahmad R.",,2026,10.3389/fimmu.2026.1813722,42553085,"(neuropeptide OR neuropeptidome OR peptidome OR ""peptide hormone"" OR allatostatin OR RFamide OR orcokinin OR ""crustacean cardioactive peptide"" OR ""crustacean hyperglycemic hormone"") AND (crustacean OR decapod OR crab OR lobster OR crayfish OR shrimp OR Crustacea) AND (FIRST_PDATE:[2025-01-01 TO 3000-12-31])"
The maternal-to-zygotic transition is a critical window for PFOA-induced disruption of developmental programming.,"Afzal Z, Veershetty V, Pittman EE, Hatcher C, Kumar D.",,2026,10.3389/fcell.2026.1887853,42719050,"(neuropeptide OR neuropeptidome OR peptidome OR ""peptide hormone"" OR allatostatin OR RFamide OR orcokinin OR ""crustacean cardioactive peptide"" OR ""crustacean hyperglycemic hormone"") AND (crustacean OR decapod OR crab OR lobster OR crayfish OR shrimp OR Crustacea) AND (FIRST_PDATE:[2025-01-01 TO 3000-12-31])"
"Clinical and mechanistic evidence on metabolic effects of oat β-glucan, rice bran, and unripe banana flour: a systematic review with mechanism-informed synthesis.","Isyrofi AN, Rahmawati W, Huang XF, Xie Y, Srichamnong W, Handayani D.",,2026,10.1017/jns.2026.10127,42559073,"(neuropeptide OR neuropeptidome OR peptidome OR ""peptide hormone"" OR allatostatin OR RFamide OR orcokinin OR ""crustacean cardioactive peptide"" OR ""crustacean hyperglycemic hormone"") AND (crustacean OR decapod OR crab OR lobster OR crayfish OR shrimp OR Crustacea) AND (FIRST_PDATE:[2025-01-01 TO 3000-12-31])"
"The potential effects, mechanisms and translational perspectives of natural products in the treatment of atopic dermatitis.","Shao C, Zhang Y, Bai Y, Wu Y, Cong L, Zhao M, Ren T.",,2026,10.1186/s13020-026-01497-8,42745318,"(neuropeptide OR neuropeptidome OR peptidome OR ""peptide hormone"" OR allatostatin OR RFamide OR orcokinin OR ""crustacean cardioactive peptide"" OR ""crustacean hyperglycemic hormone"") AND (crustacean OR decapod OR crab OR lobster OR crayfish OR shrimp OR Crustacea) AND (FIRST_PDATE:[2025-01-01 TO 3000-12-31])"
Neural evolution of complex motor behaviors: insights from Drosophila courtship song.,"Ding Y, Lillvis JL.",,2025,10.1016/j.conb.2025.103131,41172557,"(neuropeptide OR neuropeptidome OR peptidome OR ""peptide hormone"" OR allatostatin OR RFamide OR orcokinin OR ""crustacean cardioactive peptide"" OR ""crustacean hyperglycemic hormone"") AND (crustacean OR decapod OR crab OR lobster OR crayfish OR shrimp OR Crustacea) AND (FIRST_PDATE:[2025-01-01 TO 3000-12-31])"
Developmental neurotoxicity of bisphenol F and bisphenol S in animal model systems: A literature review.,"Cantua R, Mulligan K.",,2025,10.1016/j.neuro.2025.04.008,40280242,"(neuropeptide OR neuropeptidome OR peptidome OR ""peptide hormone"" OR allatostatin OR RFamide OR orcokinin OR ""crustacean cardioactive peptide"" OR ""crustacean hyperglycemic hormone"") AND (crustacean OR decapod OR crab OR lobster OR crayfish OR shrimp OR Crustacea) AND (FIRST_PDATE:[2025-01-01 TO 3000-12-31])"
